Name,Surname,Telephone,Password,IBAN,Balance,Currency
Artiom,Leliuhin,40774617402,shatteredex,RO24LFYD8568152009337598,18907.000000,RON
Afasf,Sadgas,2523521515,234616321,RO24TXJZ5737067785725417,1252.000000,EUR
Abu,Dabi,1110001,1110001,RO24GNNT3981462915262186,38818588.000000,EUR
